{
  "timestamp": "2026-03-15T18:44:54Z",
  "iterations": 1000,
  "batch_size": 50,
  "total_writes": 50000,
  "direct": {
    "mean": 128.11052558200004,
    "median": 121.82043800000031,
    "p50": 121.82043800000031,
    "p95": 162.15790980000122,
    "p99": 229.40302408000068,
    "min": 99.32050000000103,
    "max": 466.39716600000014,
    "stdev": 23.67382560192358
  },
  "pipeline": {
    "mean": 4.603719839000036,
    "median": 3.9299164999988534,
    "p50": 3.9299164999988534,
    "p95": 7.295027399997877,
    "p99": 9.079845000017597,
    "min": 2.920291000009456,
    "max": 13.657500000022083,
    "stdev": 1.4728218713101966
  },
  "reductions": {
    "p50_reduction_pct": 96.77,
    "p95_reduction_pct": 95.5,
    "p99_reduction_pct": 96.04,
    "mean_reduction_pct": 96.41
  }
}